INSERT INTO Operator(ID, CODE, NAME, NICKNAME, TYPE, ICON, MAIN, DOB, ORG, BIRTHPLACE, ARMOR, SPEED, SPECGADGET)
VALUES ( 0, 'SLEDGE', 'Seamus Cowden', 'Sledge', 'atk', 'sledgeicon.png', 'sledgeimage.png', '1982-04-02', 'SAS', 'John O''Groats, Scotland', '2/3', '2/3', 'The Caber - Tactical breaching hammer that breaks walls and barriers.');
INSERT INTO Operator(ID, CODE, NAME, NICKNAME, TYPE, ICON, MAIN, DOB, ORG, BIRTHPLACE, ARMOR, SPEED, SPECGADGET)
VALUES ( 1, 'THATCHER', 'Mike Baker', 'Thatcher', 'atk', 'thatchericon.png', 'thatcherimage.png', '1961-06-22', 'SAS', 'Bideford, England', '2/3', '2/3', 'EG MKO-EMP Grenade - Grenade that disables nearby electronic devices.');
INSERT INTO Operator(ID, CODE, NAME, NICKNAME, TYPE, ICON, MAIN, DOB, ORG, BIRTHPLACE, ARMOR, SPEED, SPECGADGET)
VALUES ( 2, 'ASH', 'Eliza Cohen', 'Ash', 'atk', 'ashicon.png', 'ashimage.png', '1983-12-24', 'FBI SWAT', 'Jerusalem, Israel', '1/3', '3/3', 'M120 Crem - Breaching rounds that break down walls and barriers.');
INSERT INTO Operator(ID, CODE, NAME, NICKNAME, TYPE, ICON, MAIN, DOB, ORG, BIRTHPLACE, ARMOR, SPEED, SPECGADGET)
VALUES ( 3, 'THERMITE', 'Jordan Trace', 'Thermite', 'atk', 'thermiteicon.png', 'thermiteimage.png', '1982-03-14', 'FBI SWAT', 'Plano, Texas', '2/3', '2/3', 'Brimstone BC-3 Exothermic Charge - Exothermic charge that cuts through metal barriers.' );
INSERT INTO Operator(ID, CODE, NAME, NICKNAME, TYPE, ICON, MAIN, DOB, ORG, BIRTHPLACE, ARMOR, SPEED, SPECGADGET)
VALUES ( 4, 'TWITCH', 'Emmanuelle Pichon', 'Twitch', 'atk', 'twitchicon.png', 'twitchimage.png', '1988-10-12', 'GIGN', 'Nancy, France', '2/3', '2/3', 'RSD Model 1 Shock Drone - Drone that can shoot electrified darts.' );
INSERT INTO Operator(ID, CODE, NAME, NICKNAME, TYPE, ICON, MAIN, DOB, ORG, BIRTHPLACE, ARMOR, SPEED, SPECGADGET)
VALUES ( 5, 'MONTY','Gilles Touré', 'Montagne', 'atk', 'montagneicon.png', 'montagneimage.png', '1968-10-11', 'GIGN', 'Bordeaux, France', '3/3', '1/3', 'Le Roc - Extendable shield that can cover Montagne''s whole front part of the body.' );
INSERT INTO Operator(ID, CODE, NAME, NICKNAME, TYPE, ICON, MAIN, DOB, ORG, BIRTHPLACE, ARMOR, SPEED, SPECGADGET)
VALUES ( 6, 'GLAZ', 'Timur Glazkov', 'Glaz', 'atk', 'glazicon.png', 'glazimage.png', '1987-07-02', 'Spetsnaz', 'Vladivostok, Russia', '2/3', '2/3', 'HDS Flip Sight - Flip sight that highlights enemies for a short period of time.' );
INSERT INTO Operator(ID, CODE, NAME, NICKNAME, TYPE, ICON, MAIN, DOB, ORG, BIRTHPLACE, ARMOR, SPEED, SPECGADGET)
VALUES ( 7, 'FUZE', 'Shuhrat Kessikbayev', 'Fuze', 'atk', 'fuzeicon.png', 'fuzeiamge.png', '1982-10-12', 'Spetsnaz', 'Samarkand, Uzbekistan', '3/3', '1/3', 'APM-6 "Matryoshka" - Cluster charge that shoots explosives through walls and barriers.' );

INSERT INTO Operator(ID, CODE, NAME, NICKNAME, TYPE, ICON, MAIN, DOB, ORG, BIRTHPLACE, ARMOR, SPEED, SPECGADGET)
VALUES ( 8, 'SMOKE', 'James Porter', 'Smoke', 'def', 'smokeicon.png', 'smokeimage.png', '1981-05-14', 'SAS', 'London, England', '2/3', '2/3', 'Compound Z8 Grenade - Remote gas grenade that releases poisonous gas.' );
INSERT INTO Operator(ID, CODE, NAME, NICKNAME, TYPE, ICON, MAIN, DOB, ORG, BIRTHPLACE, ARMOR, SPEED, SPECGADGET)
VALUES ( 9, 'MUTE','Mark R. Chandar', 'Mute', 'def', 'muteicon.png', 'muteimage.png', '1991-10-11', 'SAS', 'York, England', '2/3', '2/3', '"Moni" GC90 Signal Disruptor - Blocks signal for gadgets such as drones and some operators special gadgets.' );
INSERT INTO Operator(ID, CODE, NAME, NICKNAME, TYPE, ICON, MAIN, DOB, ORG, BIRTHPLACE, ARMOR, SPEED, SPECGADGET)
VALUES ( 10, 'CASTLE','Miles Campbell', 'Castle', 'def', 'castleicon.png', 'castleimage.png', '1980-09-12', 'FBI SWAT', 'Sherman Oaks, California', '2/3', '2/3', 'UTP1 Universal Tactical Panel - Armor panel that is sturdier than regular barriers.' );
INSERT INTO Operator(ID, CODE, NAME, NICKNAME, TYPE, ICON, MAIN, DOB, ORG, BIRTHPLACE, ARMOR, SPEED, SPECGADGET)
VALUES ( 11, 'PULSE', 'Jack Estrada', 'Pulse', 'def', 'pulseicon.png', 'pulseimage.png', '1984-10-11', 'FBI SWAT', 'Goldsboro, North Carolina', '1/3', '3/3', 'HB-5 Cardiac Sensor - Heartbeat sensor that can see enemies'' heartbeat.' );
INSERT INTO Operator(ID, CODE, NAME, NICKNAME, TYPE, ICON, MAIN, DOB, ORG, BIRTHPLACE, ARMOR, SPEED, SPECGADGET)
VALUES ( 12, 'DOC','Gustave Kateb', 'Doc', 'def', 'docicon.png', 'docimage.png', '1977-09-16', 'GIGN', 'Paris, France', '3/3', '1/3', 'MPD-0 Stim Pistol - Stim pistol that heals team members.' );
INSERT INTO Operator(ID, CODE, NAME, NICKNAME, TYPE, ICON, MAIN, DOB, ORG, BIRTHPLACE, ARMOR, SPEED, SPECGADGET)
VALUES ( 13, 'ROOK', 'Julien Nizan', 'Rook', 'def', 'rookicon.png', 'rookimage.png', '1990-01-06', 'GIGN', 'Tours, France', '3/3', '1/3', 'R1N "Rhino" Armor Pack - Armor pack that adds additional armor to team members.' );
INSERT INTO Operator(ID, CODE, NAME, NICKNAME, TYPE, ICON, MAIN, DOB, ORG, BIRTHPLACE, ARMOR, SPEED, SPECGADGET)
VALUES ( 14, 'KAPKAN', 'Maxim Basuda', 'Kapkan', 'def', 'kapkanicon.png', 'kapkanimage.png', '1979-05-14', 'Spetsnaz', 'Kovrov, Russia', '2/3', '2/3', 'EDD MK II Trip Wire - Entry denial device that explodes when enemies pass through doors.' );
INSERT INTO Operator(ID, CODE, NAME, NICKNAME, TYPE, ICON, MAIN, DOB, ORG, BIRTHPLACE, ARMOR, SPEED, SPECGADGET)
VALUES ( 15, 'TACHANKA', 'Alexsandr Senaviev', 'Tachanka', 'def', 'tachankaicon.png', 'tachankaimage.png', '1967-11-03', 'Spetsnaz', 'Saint Petersburg, Russia', '3/3', '1/3', 'RP-46 Degtyaryov Machine Gun - Deployable mounted LMG with shilds on sides.' );


INSERT INTO Map(ID, CODE, NAME, LOCATION, TERRAINTYPE, IMG, IMGBAS, IMGGR, IMGFRST)
VALUES(0, 'BANK01','Bank', 'Los Angeles, California', 'Urban, Interior', 'bankimage.png', 'bankbasement.png', 'bankground.png', 'bankfirstfloor.png');
INSERT INTO Map(ID, CODE, NAME, LOCATION, TERRAINTYPE, IMG, IMGBAS, IMGGR, IMGFRST)
VALUES(1, 'CHALET02', 'Chalet', 'Courchevel, France', 'Snow, Interior', 'chaletimage.png', 'chaletbasement.png', 'chaletground.png', 'chaletfirstfloor.png');
INSERT INTO Map(ID, CODE, NAME, LOCATION, TERRAINTYPE, IMG, IMGBAS, IMGGR, IMGFRST)
VALUES(2, 'CONSULATE03', 'Consulate', 'Abidjan, Ivory Coast', 'Urban, Interior', 'consulateimage.png', 'consulatebasement.png', 'consulateground.png', 'consulatefirstfloor.png');
INSERT INTO Map(ID, CODE, NAME, LOCATION, TERRAINTYPE, IMG, IMGBAS, IMGGR, IMGFRST)
VALUES(3, 'HOUSE04', 'House', 'Los Angeles, California', 'Urban, Interior', 'houseimage.png', 'housebasement.png', 'houseground.png', 'housefirstfloor.png');
INSERT INTO Map(ID, CODE, NAME, LOCATION, TERRAINTYPE, IMG, IMGBAS, IMGGR, IMGFRST)
VALUES(4, 'OREGON05','Oregon', 'Redmond, Oregon', 'Interior', 'oregonimage.png', 'oregonbasement.png', 'oregonground.png', 'oregonfirstfloor.png');

INSERT INTO Operators_Maps(OPERATOR_ID, MAP_ID)
VALUES (1, 1);
INSERT INTO Operators_Maps(OPERATOR_ID, MAP_ID)
VALUES (2, 1);
INSERT INTO Operators_Maps(OPERATOR_ID, MAP_ID)
VALUES (1, 2);
INSERT INTO Operators_Maps(OPERATOR_ID, MAP_ID)
VALUES (3, 2);
INSERT INTO Operators_Maps(OPERATOR_ID, MAP_ID)
VALUES (2, 3);